filename,section,section-subheading,year,date,publication-title
cr-1866-aug-notices-of-books.txt,Notices-of-Books,n/a,1866,1866-08-01,Contemporary-Review
cr-1866-dec-notices-of-books.txt,Notices-of-Books,n/a,1866,1866-12-01,Contemporary-Review
cr-1866-feb-notices-of-books.txt,Notices-of-Books,n/a,1866,1866-02-01,Contemporary-Review
cr-1866-jan-notices-of-books.txt,Notices-of-Books,n/a,1866,1866-01-01,Contemporary-Review
cr-1866-july-notices-of-books.txt,Notices-of-Books,n/a,1866,1866-07-01,Contemporary-Review
cr-1866-june-notices-of-books.txt,Notices-of-Books,n/a,1866,1866-06-01,Contemporary-Review
cr-1866-march-notices-of-books.txt,Notices-of-Books,n/a,1866,1866-03-01,Contemporary-Review
cr-1866-may-notices-of-books.txt,Notices-of-Books,n/a,1866,1866-05-01,Contemporary-Review
cr-1866-nov-notices-of-books.txt,Notices-of-Books,n/a,1866,1866-11-01,Contemporary-Review
cr-1866-oct-notices-of-books.txt,Notices-of-Books,n/a,1866,1866-10-01,Contemporary-Review
cr-1866-sept-notices-of-books.txt,Notices-of-Books,n/a,1866,1866-09-01,Contemporary-Review
cr-1867-april-notices-of-books.txt,Notices-of-Books,n/a,1867,1867-04-01,Contemporary-Review
cr-1867-aug-notices-of-books.txt,Notices-of-Books,n/a,1867,1867-08-01,Contemporary-Review
cr-1867-dec-notices-of-books.txt,Notices-of-Books,n/a,1867,1867-12-01,Contemporary-Review
cr-1867-feb-notices-of-books.txt,Notices-of-Books,n/a,1867,1867-02-01,Contemporary-Review
cr-1867-jan-notices-of-books.txt,Notices-of-Books,n/a,1867,1867-01-01,Contemporary-Review
cr-1867-july-notices-of-books.txt,Notices-of-Books,n/a,1867,1867-07-01,Contemporary-Review
cr-1867-june-notices-of-books.txt,Notices-of-Books,n/a,1867,1867-06-01,Contemporary-Review
cr-1867-march-notices-of-books.txt,Notices-of-Books,n/a,1867,1867-03-01,Contemporary-Review
cr-1867-may-notices-of-books.txt,Notices-of-Books,n/a,1867,1867-05-01,Contemporary-Review
cr-1867-nov-notices-of-books.txt,Notices-of-Books,n/a,1867,1867-11-01,Contemporary-Review
cr-1867-oct-notices-of-books.txt,Notices-of-Books,n/a,1867,1867-10-01,Contemporary-Review
cr-1867-sept-notices-of-books.txt,Notices-of-Books,n/a,1867,1867-09-01,Contemporary-Review
cr-1868-april-notices-of-books-classical.txt,Notices-of-Books,Classical,1868,1868-04-01,Contemporary-Review
cr-1868-april-notices-of-books-fiction-essay.txt,Notices-of-Books,Fiction-and-Essays,1868,1868-04-01,Contemporary-Review
cr-1868-april-notices-of-books-german-literature.txt,Notices-of-Books,German-Literature,1868,1868-04-01,Contemporary-Review
cr-1868-april-notices-of-books-historical-and-biographical.txt,Notices-of-Books,Historical-and-Biographical,1868,1868-04-01,Contemporary-Review
cr-1868-april-notices-of-books-miscellaneous.txt,Notices-of-Books,Miscellaneous,1868,1868-04-01,Contemporary-Review
cr-1868-april-notices-of-books-philosophical-scientific.txt,Notices-of-Books,Philosophical-and-Scientific,1868,1868-04-01,Contemporary-Review
cr-1868-april-notices-of-books-theological.txt,Notices-of-Books,Theological,1868,1868-04-01,Contemporary-Review
cr-1868-april-notices-of-books-travel.txt,Notices-of-Books,Travel,1868,1868-04-01,Contemporary-Review
cr-1868-aug-notices-of-books-historical-and-biographical.txt,Notices-of-Books,Historical-and-Biographical,1868,1868-08-01,Contemporary-Review
cr-1868-aug-notices-of-books-miscellaneous.txt,Notices-of-Books,Miscellaneous,1868,1868-08-01,Contemporary-Review
cr-1868-aug-notices-of-books-philosophical-scientific.txt,Notices-of-Books,Philosophical-and-Scientific,1868,1868-08-01,Contemporary-Review
cr-1868-aug-notices-of-books-poetry-fiction.txt,Notices-of-Books,Poetry-and-Fiction,1868,1868-08-01,Contemporary-Review
cr-1868-aug-notices-of-books-theological.txt,Notices-of-Books,Theological,1868,1868-08-01,Contemporary-Review
cr-1868-aug-notices-of-books-travel.txt,Notices-of-Books,Travel,1868,1868-08-01,Contemporary-Review
cr-1868-dec-notices-of-books-classical.txt,Notices-of-Books,Classical,1868,1868-12-01,Contemporary-Review
cr-1868-dec-notices-of-books-fiction-essay.txt,Notices-of-Books,Fiction-and-Essays,1868,1868-12-01,Contemporary-Review
cr-1868-dec-notices-of-books-historical-and-biographical.txt,Notices-of-Books,Historical-and-Biographical,1868,1868-12-01,Contemporary-Review
cr-1868-dec-notices-of-books-miscellaneous.txt,Notices-of-Books,Miscellaneous,1868,1868-12-01,Contemporary-Review
cr-1868-dec-notices-of-books-scientific.txt,Notices-of-Books,Scientific,1868,1868-12-01,Contemporary-Review
cr-1868-dec-notices-of-books-theological.txt,Notices-of-Books,Theological,1868,1868-12-01,Contemporary-Review
cr-1868-feb-notices-of-books-classical.txt,Notices-of-Books,Classical,1868,1868-02-01,Contemporary-Review
cr-1868-feb-notices-of-books-french-literature.txt,Notices-of-Books,French-Literature,1868,1868-02-01,Contemporary-Review
cr-1868-feb-notices-of-books-german-literature.txt,Notices-of-Books,German-Literature,1868,1868-02-01,Contemporary-Review
cr-1868-feb-notices-of-books-historical-and-biographical.txt,Notices-of-Books,Historical-and-Biographical,1868,1868-02-01,Contemporary-Review
cr-1868-feb-notices-of-books-miscellaneous.txt,Notices-of-Books,Miscellaneous,1868,1868-02-01,Contemporary-Review
cr-1868-feb-notices-of-books-philosophical-scientific.txt,Notices-of-Books,Philosophical-and-Scientific,1868,1868-02-01,Contemporary-Review
cr-1868-feb-notices-of-books-poetry-fiction-essay.txt,Notices-of-Books,Poetry-Fiction-Essays,1868,1868-02-01,Contemporary-Review
cr-1868-feb-notices-of-books-theological.txt,Notices-of-Books,Theological,1868,1868-02-01,Contemporary-Review
cr-1868-feb-notices-of-books-travel.txt,Notices-of-Books,Travel,1868,1868-02-01,Contemporary-Review
cr-1868-jan-notices-of-books-classical.txt,Notices-of-Books,Classical,1868,1868-01-01,Contemporary-Review
cr-1868-jan-notices-of-books-historical-and-biographical.txt,Notices-of-Books,Historical-and-Biographical,1868,1868-01-01,Contemporary-Review
cr-1868-jan-notices-of-books-miscellaneous.txt,Notices-of-Books,Miscellaneous,1868,1868-01-01,Contemporary-Review
cr-1868-jan-notices-of-books-philosophical-scientific.txt,Notices-of-Books,Philosophical-and-Scientific,1868,1868-01-01,Contemporary-Review
cr-1868-jan-notices-of-books-theological.txt,Notices-of-Books,Theological,1868,1868-01-01,Contemporary-Review
cr-1868-jan-notices-of-books-travel.txt,Notices-of-Books,Travel,1868,1868-01-01,Contemporary-Review
cr-1868-june-notices-of-books-classical.txt,Notices-of-Books,Classical,1868,1868-06-01,Contemporary-Review
cr-1868-june-notices-of-books-german-literature.txt,Notices-of-Books,German-Literature,1868,1868-06-01,Contemporary-Review
cr-1868-june-notices-of-books-historical-and-biographical.txt,Notices-of-Books,Historical-and-Biographical,1868,1868-06-01,Contemporary-Review
cr-1868-june-notices-of-books-miscellaneous.txt,Notices-of-Books,Miscellaneous,1868,1868-06-01,Contemporary-Review
cr-1868-june-notices-of-books-philosophical-scientific.txt,Notices-of-Books,Philosophical-and-Scientific,1868,1868-06-01,Contemporary-Review
cr-1868-june-notices-of-books-poetry-fiction-essay.txt,Notices-of-Books,Poetry-Fiction-Essays,1868,1868-06-01,Contemporary-Review
cr-1868-june-notices-of-books-theological.txt,Notices-of-Books,Theological,1868,1868-06-01,Contemporary-Review
cr-1868-june-notices-of-books-travel.txt,Notices-of-Books,Travel,1868,1868-06-01,Contemporary-Review
cr-1868-march-notices-of-books-historical-and-biographical.txt,Notices-of-Books,Historical-and-Biographical,1868,1868-03-01,Contemporary-Review
cr-1868-march-notices-of-books-miscellaneous.txt,Notices-of-Books,Miscellaneous,1868,1868-03-01,Contemporary-Review
cr-1868-march-notices-of-books-philosophical.txt,Notices-of-Books,Philosophical,1868,1868-03-01,Contemporary-Review
cr-1868-march-notices-of-books-poetry-fiction-essay.txt,Notices-of-Books,Poetry-Fiction-Essays,1868,1868-03-01,Contemporary-Review
cr-1868-march-notices-of-books-theological.txt,Notices-of-Books,Theological,1868,1868-03-01,Contemporary-Review
cr-1868-march-notices-of-books-travel.txt,Notices-of-Books,Travel,1868,1868-03-01,Contemporary-Review
cr-1868-may-notices-of-books-historical.txt,Notices-of-Books,Historical,1868,1868-05-01,Contemporary-Review
cr-1868-may-notices-of-books-miscellaneous.txt,Notices-of-Books,Miscellaneous,1868,1868-05-01,Contemporary-Review
cr-1868-may-notices-of-books-philosophical-scientific.txt,Notices-of-Books,Philosophical-and-Scientific,1868,1868-05-01,Contemporary-Review
cr-1868-may-notices-of-books-poetry-fiction-essay.txt,Notices-of-Books,Poetry-Fiction-Essays,1868,1868-05-01,Contemporary-Review
cr-1868-may-notices-of-books-theological.txt,Notices-of-Books,Theological,1868,1868-05-01,Contemporary-Review
cr-1868-nov-notices-of-books-classical.txt,Notices-of-Books,Classical,1868,1868-11-01,Contemporary-Review
cr-1868-nov-notices-of-books-french-literature.txt,Notices-of-Books,French-Literature,1868,1868-11-01,Contemporary-Review
cr-1868-nov-notices-of-books-german-literature.txt,Notices-of-Books,German-Literature,1868,1868-11-01,Contemporary-Review
cr-1868-nov-notices-of-books-historical-and-biographical.txt,Notices-of-Books,Historical-and-Biographical,1868,1868-11-01,Contemporary-Review
cr-1868-nov-notices-of-books-miscellaneous.txt,Notices-of-Books,Miscellaneous,1868,1868-11-01,Contemporary-Review
cr-1868-nov-notices-of-books-poetry-and-fiction.txt,Notices-of-Books,Poetry-and-Fiction,1868,1868-11-01,Contemporary-Review
cr-1868-nov-notices-of-books-theological.txt,Notices-of-Books,Theological,1868,1868-11-01,Contemporary-Review
cr-1868-oct-notices-of-books-classical.txt,Notices-of-Books,Classical,1868,1868-10-01,Contemporary-Review
cr-1868-oct-notices-of-books-german-literature.txt,Notices-of-Books,German-Literature,1868,1868-10-01,Contemporary-Review
cr-1868-oct-notices-of-books-historical-and-biographical.txt,Notices-of-Books,Historical-and-Biographical,1868,1868-10-01,Contemporary-Review
cr-1868-oct-notices-of-books-miscellaneous.txt,Notices-of-Books,Miscellaneous,1868,1868-10-01,Contemporary-Review
cr-1868-oct-notices-of-books-philosophical-scientific.txt,Notices-of-Books,Philosophical-and-Scientific,1868,1868-10-01,Contemporary-Review
cr-1868-oct-notices-of-books-poetry-and-fiction.txt,Notices-of-Books,Poetry-and-Fiction,1868,1868-10-01,Contemporary-Review
cr-1868-oct-notices-of-books-theological.txt,Notices-of-Books,Theological,1868,1868-10-01,Contemporary-Review
cr-1868-sept-notices-of-books-classical.txt,Notices-of-Books,Classical,1868,1868-09-01,Contemporary-Review
cr-1868-sept-notices-of-books-fiction.txt,Notices-of-Books,Fiction,1868,1868-09-01,Contemporary-Review
cr-1868-sept-notices-of-books-french-literature.txt,Notices-of-Books,French-Literature,1868,1868-09-01,Contemporary-Review
cr-1868-sept-notices-of-books-german-literature.txt,Notices-of-Books,German-Literature,1868,1868-09-01,Contemporary-Review
cr-1868-sept-notices-of-books-historical-and-biographical.txt,Notices-of-Books,Historical-and-Biographical,1868,1868-09-01,Contemporary-Review
cr-1868-sept-notices-of-books-miscellaneous.txt,Notices-of-Books,Miscellaneous,1868,1868-09-01,Contemporary-Review
cr-1868-sept-notices-of-books-philosophical-scientific.txt,Notices-of-Books,Philosophical-and-Scientific,1868,1868-09-01,Contemporary-Review
cr-1869-april-notices-of-books-classical.txt,Notices-of-Books,Classical,1869,1869-04-01,Contemporary-Review
cr-1869-april-notices-of-books-historical-and-biographical.txt,Notices-of-Books,Historical-and-Biographical,1869,1869-04-01,Contemporary-Review
cr-1869-april-notices-of-books-miscellaneous.txt,Notices-of-Books,Miscellaneous,1869,1869-04-01,Contemporary-Review
cr-1869-april-notices-of-books-poetry-fiction-essay.txt,Notices-of-Books,Poetry-Fiction-Essays,1869,1869-04-01,Contemporary-Review
cr-1869-april-notices-of-books-travel.txt,Notices-of-Books,Travel,1869,1869-04-01,Contemporary-Review
cr-1869-aug-notices-of-books-classical.txt,Notices-of-Books,Classical,1869,1869-08-01,Contemporary-Review
cr-1869-aug-notices-of-books-german-and-french-literature.txt,Notices-of-Books,German-and-French-Literature,1869,1869-08-01,Contemporary-Review
cr-1869-aug-notices-of-books-historical-and-biographical.txt,Notices-of-Books,Historical-and-Biographical,1869,1869-08-01,Contemporary-Review
cr-1869-aug-notices-of-books-miscellaneous.txt,Notices-of-Books,Miscellaneous,1869,1869-08-01,Contemporary-Review
cr-1869-aug-notices-of-books-philosophical-scientific.txt,Notices-of-Books,Philosophical-and-Scientific,1869,1869-08-01,Contemporary-Review
cr-1869-aug-notices-of-books-poetry-and-fiction.txt,Notices-of-Books,Poetry-and-Fiction,1869,1869-08-01,Contemporary-Review
cr-1869-aug-notices-of-books-theological.txt,Notices-of-Books,Theological,1869,1869-08-01,Contemporary-Review
cr-1869-dec-notices-of-books-classical.txt,Notices-of-Books,Classical,1869,1869-12-01,Contemporary-Review
cr-1869-dec-notices-of-books-fiction.txt,Notices-of-Books,Fiction,1869,1869-12-01,Contemporary-Review
cr-1869-dec-notices-of-books-historical-and-biographical.txt,Notices-of-Books,Historical-and-Biographical,1869,1869-12-01,Contemporary-Review
cr-1869-dec-notices-of-books-miscellaneous.txt,Notices-of-Books,Miscellaneous,1869,1869-12-01,Contemporary-Review
cr-1869-dec-notices-of-books-philosophical-scientific.txt,Notices-of-Books,Philosophical-and-Scientific,1869,1869-12-01,Contemporary-Review
cr-1869-dec-notices-of-books-theological.txt,Notices-of-Books,Theological,1869,1869-12-01,Contemporary-Review
cr-1869-feb-notices-of-books-classical.txt,Notices-of-Books,Classical,1869,1869-12-01,Contemporary-Review
cr-1869-feb-notices-of-books-historical-and-biographical.txt,Notices-of-Books,Historical-and-Biographical,1869,1869-02-01,Contemporary-Review
cr-1869-feb-notices-of-books-miscellaneous.txt,Notices-of-Books,Miscellaneous,1869,1869-02-01,Contemporary-Review
cr-1869-feb-notices-of-books-poetry-fiction-essay.txt,Notices-of-Books,Poetry-Fiction-Essays,1869,1869-02-01,Contemporary-Review
cr-1869-feb-notices-of-books-theological.txt,Notices-of-Books,Theological,1869,1869-02-01,Contemporary-Review
cr-1869-jan-notices-of-books-classical.txt,Notices-of-Books,Classical,1869,1869-01-01,Contemporary-Review
cr-1869-jan-notices-of-books-french-literature.txt,Notices-of-Books,French-Literature,1869,1869-01-01,Contemporary-Review
cr-1869-jan-notices-of-books-german-literature.txt,Notices-of-Books,German-Literature,1869,1869-01-01,Contemporary-Review
cr-1869-jan-notices-of-books-historical-and-biographical.txt,Notices-of-Books,Historical-and-Biographical,1869,1869-01-01,Contemporary-Review
cr-1869-jan-notices-of-books-miscellaneous.txt,Notices-of-Books,Miscellaneous,1869,1869-01-01,Contemporary-Review
cr-1869-jan-notices-of-books-poetry-fiction.txt,Notices-of-Books,Poetry-and-Fiction,1869,1869-01-01,Contemporary-Review
cr-1869-jan-notices-of-books-theological.txt,Notices-of-Books,Theological,1869,1869-01-01,Contemporary-Review
cr-1869-jan-notices-of-books-travel.txt,Notices-of-Books,Travel,1869,1869-01-01,Contemporary-Review
cr-1869-july-notices-of-books-classical.txt,Notices-of-Books,Classical,1869,1869-07-01,Contemporary-Review
cr-1869-july-notices-of-books-german-and-french-literature.txt,Notices-of-Books,German-and-French-Literature,1869,1869-07-01,Contemporary-Review
cr-1869-july-notices-of-books-historical-and-biographical.txt,Notices-of-Books,Historical-and-Biographical,1869,1869-07-01,Contemporary-Review
cr-1869-july-notices-of-books-miscellaneous.txt,Notices-of-Books,Miscellaneous,1869,1869-07-01,Contemporary-Review
cr-1869-july-notices-of-books-poetry-fiction-essay.txt,Notices-of-Books,Poetry-Fiction-Essays,1869,1869-07-01,Contemporary-Review
cr-1869-june-notices-of-books-biographical.txt,Notices-of-Books,Biographical,1869,1869-06-01,Contemporary-Review
cr-1869-june-notices-of-books-poetry-fiction-essay.txt,Notices-of-Books,Fiction-and-Essays,1869,1869-06-01,Contemporary-Review
cr-1869-june-notices-of-books-theological.txt,Notices-of-Books,Theological,1869,1869-06-01,Contemporary-Review
cr-1869-march-notices-of-books-historical-and-biographical.txt,Notices-of-Books,Historical-and-Biographical,1869,1869-03-01,Contemporary-Review
cr-1869-march-notices-of-books-miscellaneous.txt,Notices-of-Books,Miscellaneous,1869,1869-03-01,Contemporary-Review
cr-1869-march-notices-of-books-philosophical-scientific.txt,Notices-of-Books,Philosophical-and-Scientific,1869,1869-03-01,Contemporary-Review
cr-1869-march-notices-of-books-poetry-fiction-essay.txt,Notices-of-Books,Poetry-Fiction-Essays,1869,1869-03-01,Contemporary-Review
cr-1869-march-notices-of-books-travel.txt,Notices-of-Books,Travel,1869,1869-03-01,Contemporary-Review
cr-1869-may-notices-of-books-historical-and-biographical.txt,Notices-of-Books,Historical-and-Biographical,1869,1869-05-01,Contemporary-Review
cr-1869-may-notices-of-books-miscellaneous.txt,Notices-of-Books,Miscellaneous,1869,1869-05-01,Contemporary-Review
cr-1869-may-notices-of-books-philosophical.txt,Notices-of-Books,Philosophical,1869,1869-05-01,Contemporary-Review
cr-1869-may-notices-of-books-poetry-fiction-essay.txt,Notices-of-Books,Poetry-Fiction-Essays,1869,1869-05-01,Contemporary-Review
cr-1869-may-notices-of-books-scientific.txt,Notices-of-Books,Scientific,1869,1869-05-01,Contemporary-Review
cr-1869-may-notices-of-books-theological.txt,Notices-of-Books,Theological,1869,1869-05-01,Contemporary-Review
cr-1869-nov-notices-of-books-classical.txt,Notices-of-Books,Classical,1869,1869-11-01,Contemporary-Review
cr-1869-nov-notices-of-books-german-and-french-literature.txt,Notices-of-Books,German-and-French-Literature,1869,1869-11-01,Contemporary-Review
cr-1869-nov-notices-of-books-historical.txt,Notices-of-Books,Historical,1869,1869-11-01,Contemporary-Review
cr-1869-nov-notices-of-books-miscellaneous.txt,Notices-of-Books,Miscellaneous,1869,1869-11-01,Contemporary-Review
cr-1869-nov-notices-of-books-philosophical.txt,Notices-of-Books,Philosophical,1869,1869-11-01,Contemporary-Review
cr-1869-nov-notices-of-books-poetry-fiction.txt,Notices-of-Books,Poetry-and-Fiction,1869,1869-11-01,Contemporary-Review
cr-1869-nov-notices-of-books-theological.txt,Notices-of-Books,Theological,1869,1869-11-01,Contemporary-Review
cr-1869-nov-notices-of-books-travel.txt,Notices-of-Books,Travel,1869,1869-11-01,Contemporary-Review
cr-1869-oct-notices-of-books-classical.txt,Notices-of-Books,Classical,1869,1869-10-01,Contemporary-Review
cr-1869-oct-notices-of-books-german-literature.txt,Notices-of-Books,German-Literature,1869,1869-10-01,Contemporary-Review
cr-1869-oct-notices-of-books-historical-and-biographical.txt,Notices-of-Books,Historical-and-Biographical,1869,1869-10-01,Contemporary-Review
cr-1869-oct-notices-of-books-miscellaneous.txt,Notices-of-Books,Miscellaneous,1869,1869-10-01,Contemporary-Review
cr-1869-oct-notices-of-books-poetry-fiction-essay.txt,Notices-of-Books,Poetry-Fiction-Essays,1869,1869-10-01,Contemporary-Review
cr-1869-oct-notices-of-books-scientific.txt,Notices-of-Books,Scientific,1869,1869-10-01,Contemporary-Review
cr-1869-oct-notices-of-books-theological.txt,Notices-of-Books,Theological,1869,1869-10-01,Contemporary-Review
cr-1869-oct-notices-of-books-travel.txt,Notices-of-Books,Travel,1869,1869-10-01,Contemporary-Review
cr-1869-sept-notices-of-books-historical.txt,Notices-of-Books,Historical,1869,1869-09-01,Contemporary-Review
cr-1869-sept-notices-of-books-miscellaneous.txt,Notices-of-Books,Miscellaneous,1869,1869-09-01,Contemporary-Review
cr-1869-sept-notices-of-books-poetry-fiction-essay.txt,Notices-of-Books,Poetry-Fiction-Essays,1869,1869-09-01,Contemporary-Review
cr-1869-sept-notices-of-books-scientific.txt,Notices-of-Books,Scientific,1869,1869-09-01,Contemporary-Review
cr-1869-sept-notices-of-books-theological.txt,Notices-of-Books,Theological,1869,1869-09-01,Contemporary-Review
cr-1869-sept-notices-of-books-travel.txt,Notices-of-Books,Travel,1869,1869-09-01,Contemporary-Review
cr-1870-feb-notices-of-books-german-literature.txt,Notices-of-Books,German-Literature,1870,1869-02-01,Contemporary-Review
cr-1870-feb-notices-of-books-historical-and-biographical.txt,Notices-of-Books,Historical-and-Biographical,1870,1869-02-01,Contemporary-Review
cr-1870-feb-notices-of-books-miscellaneous.txt,Notices-of-Books,Miscellaneous,1870,1869-02-01,Contemporary-Review
cr-1870-feb-notices-of-books-philosophical-and-scientific.txt,Notices-of-Books,Philosophical-and-Scientific,1870,1869-02-01,Contemporary-Review
cr-1870-feb-notices-of-books-poetry-fiction-essay.txt,Notices-of-Books,Poetry-Fiction-Essays,1870,1869-02-01,Contemporary-Review
cr-1870-feb-notices-of-books-theological.txt,Notices-of-Books,Theological,1870,1869-02-01,Contemporary-Review
cr-1870-feb-notices-of-books-travel.txt,Notices-of-Books,Travel,1870,1869-02-01,Contemporary-Review
cr-1870-jan-contemporary-literature-historical-and-biographical.txt,Contemporary-Literature,Historical-and-Biographical,1870,1870-01-01,Contemporary-Review
cr-1870-jan-contemporary-literature-philosophical-and-scientific.txt,Contemporary-Literature,Philosophical-and-Scientific,1870,1870-01-01,Contemporary-Review
cr-1870-jan-contemporary-literature-miscellaneous.txt,Contemporary-Literature,Miscellaneous,1870,1870-01-01,Contemporary-Review
cr-1870-jan-contemporary-literature-theological.txt,Contemporary-Literature,Theological,1870,1870-01-01,Contemporary-Review
cr-1870-june-contemporary-literature-classical.txt,Contemporary-Literature,Classical,1870,1870-06-01,Contemporary-Review
cr-1870-june-contemporary-literature-historical-and-biographical.txt,Contemporary-Literature,Historical-and-Biographical,1870,1870-06-01,Contemporary-Review
cr-1870-june-contemporary-literature-miscellaneous.txt,Contemporary-Literature,Miscellaneous,1870,1870-06-01,Contemporary-Review
cr-1870-june-contemporary-literature-philosophical-and-scientific.txt,Contemporary-Literature,Philosophical-and-Scientific,1870,1870-06-01,Contemporary-Review
cr-1870-june-contemporary-literature-poetry-fiction-essay.txt,Contemporary-Literature,Poetry-Fiction-Essays,1870,1870-06-01,Contemporary-Review
cr-1870-june-contemporary-literature-poetry-fiction.txt,Contemporary-Literature,Poetry-and-Fiction,1870,1870-06-01,Contemporary-Review
cr-1870-june-contemporary-literature-theological.txt,Contemporary-Literature,Theological,1870,1870-06-01,Contemporary-Review
cr-1870-march-notices-of-books-biographical.txt,Notices-of-Books,Biographical,1870,1870-03-01,Contemporary-Review
cr-1870-march-notices-of-books-classical.txt,Notices-of-Books,Classical,1870,1870-03-01,Contemporary-Review
cr-1870-march-notices-of-books-miscellaneous.txt,Notices-of-Books,Miscellaneous,1870,1870-03-01,Contemporary-Review
cr-1870-march-notices-of-books-philosophical.txt,Notices-of-Books,Philosophical,1870,1870-03-01,Contemporary-Review
cr-1870-march-notices-of-books-poetry-fiction-and-essay.txt,Notices-of-Books,Poetry-Fiction-Essays,1870,1870-03-01,Contemporary-Review
cr-1870-march-notices-of-books-theological.txt,Notices-of-Books,Theological,1870,1870-03-01,Contemporary-Review
cr-1870-march-notices-of-books-travel.txt,Notices-of-Books,Travel,1870,1870-03-01,Contemporary-Review
cr-1870-sept-contemporary-literature-classical.txt,Contemporary-Literature,Classical,1870,1870-09-01,Contemporary-Review
cr-1870-sept-contemporary-literature-fiction-and-essay.txt,Contemporary-Literature,Fiction-and-Essays,1870,1870-09-01,Contemporary-Review
cr-1870-sept-contemporary-literature-historical-and-biographical.txt,Contemporary-Literature,Historical-and-Biographical,1870,1870-09-01,Contemporary-Review
cr-1870-sept-contemporary-literature-miscellaneous.txt,Contemporary-Literature,Miscellaneous,1870,1870-09-01,Contemporary-Review
cr-1870-sept-contemporary-literature-philosophical-and-scientific.txt,Contemporary-Literature,Philosophical-and-Scientific,1870,1870-09-01,Contemporary-Review
cr-1870-sept-contemporary-literature-theological.txt,Contemporary-Literature,Theological,1870,1870-09-01,Contemporary-Review
cr-1878-april-contemporary-literature.txt,Contemporary-Literature,n/a,1878,1878-04-01,Contemporary-Review
cr-1878-aug-contemporary-literature.txt,Contemporary-Literature,n/a,1878,1878-08-01,Contemporary-Review
cr-1878-dec-contemporary-literary-chronicles-essays-novels-poetry.txt,Contemporary-Literary-Chronicles,Poetry-Fiction-Essays,1878,1878-12-01,Contemporary-Review
cr-1878-dec-contemporary-literary-chronicles-history-and-of-the-east.txt,Contemporary-Literary-Chronicles,Hisory-and-Geography-of-the-East,1878,1878-12-01,Contemporary-Review
cr-1878-dec-contemporary-literary-chronicles-modern-history.txt,Contemporary-Literary-Chronicles,Modern-History,1878,1878-12-01,Contemporary-Review
cr-1878-feb-contemporary-literature.txt,Contemporary-Literature,n/a,1878,1878-02-01,Contemporary-Review
cr-1878-jan-contemporary-literature.txt,Contemporary-Literature,n/a,1878,1878-01-01,Contemporary-Review
cr-1878-march-contemporary-literature.txt,Contemporary-Literature,n/a,1878,1878-03-01,Contemporary-Review
cr-1878-may-contemporary-literature.txt,Contemporary-Literature,n/a,1878,1878-05-01,Contemporary-Review
cr-1878-oct-contemporary-literary-chronicles-church-history.txt,Contemporary-Literary-Chronicles,Church-History,1878,1878-10-01,Contemporary-Review
cr-1878-oct-contemporary-literary-chronicles-essays-novels-poetry.txt,Contemporary-Literary-Chronicles,Poetry-Fiction-Essays,1878,1878-10-01,Contemporary-Review
cr-1878-oct-contemporary-literary-chronicles-geography-geology.txt,Contemporary-Literary-Chronicles,Geography-and-Geology,1878,1878-10-01,Contemporary-Review
cr-1878-oct-contemporary-literary-chronicles-literature-of-the-middle-ages.txt,Contemporary-Literary-Chronicles,Literature-of-the-Middle-Ages,1878,1878-10-01,Contemporary-Review
cr-1878-oct-contemporary-literary-chronicles-modern-history.txt,Contemporary-Literary-Chronicles,Modern-History,1878,1878-10-01,Contemporary-Review
cr-1878-oct-contemporary-literary-chronicles-physical-science-and-mathematics.txt,Contemporary-Literary-Chronicles,Physical-Science-and-Mathematics,1878,1878-10-01,Contemporary-Review
cr-1878-oct-contemporary-literary-chronicles-political-economy.txt,Contemporary-Literary-Chronicles,Political-Economy,1878,1878-10-01,Contemporary-Review
cr-1878-sept-contemporary-literature.txt,Contemporary-Literature,n/a,1878,1878-09-01,Contemporary-Review
cr-1879-april-contemporary-literary-chronicles-essays-novels-poetry.txt,Contemporary-Literary-Chronicles,Poetry-Fiction-Essays,1879,1879-04-01,Contemporary-Review
cr-1879-april-contemporary-literary-chronicles-church-history.txt,Contemporary-Literary-Chronicles,Church-History,1879,1879-04-01,Contemporary-Review
cr-1879-april-contemporary-literary-chronicles-geography-geology.txt,Contemporary-Literary-Chronicles,Geography-and-Geology,1879,1879-04-01,Contemporary-Review
cr-1879-april-contemporary-literary-chronicles-modern-history.txt,Contemporary-Literary-Chronicles,Modern-History,1879,1879-04-01,Contemporary-Review
cr-1879-aug-contemporary-books-classical-literature.txt,Contemporary-Books,Classical-Literature,1879,1879-08-01,Contemporary-Review
cr-1879-aug-contemporary-books-literature-of-the-middle-ages.txt,Contemporary-Books,Literature-of-the-Middle-Ages,1879,1879-08-01,Contemporary-Review
cr-1879-aug-contemporary-books-science.txt,Contemporary-Books,Science,1879,1879-08-01,Contemporary-Review
cr-1879-feb-contemporary-literary-chronicles-essays-novels-poetry.txt,Contemporary-Literary-Chronicles,Poetry-Fiction-Essays,1879,1879-02-01,Contemporary-Review
cr-1879-feb-contemporary-literary-chronicles-church-history.txt,Contemporary-Literary-Chronicles,Church-History,1879,1879-02-01,Contemporary-Review
cr-1879-feb-contemporary-literary-chronicles-literature-of-the-middle-ages.txt,Contemporary-Literary-Chronicles,Literature-of-the-Middle-Ages,1879,1879-02-01,Contemporary-Review
cr-1879-feb-contemporary-literary-chronicles-modern-history.txt,Contemporary-Literary-Chronicles,Modern-History,1879,1879-02-01,Contemporary-Review
cr-1879-feb-contemporary-literary-chronicles-political-economy.txt,Contemporary-Literary-Chronicles,Political-Economy,1879,1879-02-01,Contemporary-Review
cr-1879-jan-contemporary-literary-chronicles-essays-novels-poetry.txt,Contemporary-Literary-Chronicles,Poetry-Fiction-Essays,1879,1879-01-01,Contemporary-Review
cr-1879-jan-contemporary-literary-chronicles-church-history.txt,Contemporary-Literary-Chronicles,Church-History,1879,1879-01-01,Contemporary-Review
cr-1879-jan-contemporary-literary-chronicles-geography-geology.txt,Contemporary-Literary-Chronicles,Geography-and-Geology,1879,1879-01-01,Contemporary-Review
cr-1879-jan-contemporary-literary-chronicles-history-and-of-the-east.txt,Contemporary-Literary-Chronicles,History-and-Geography-of-the-East,1879,1879-01-01,Contemporary-Review
cr-1879-jul-1-contemporary-books-books-of-travel.txt,Contemporary-Books,Travel,1879,1879-07-01,Contemporary-Review
cr-1879-jul-1-contemporary-books-church-history.txt,Contemporary-Books,Church-History,1879,1879-07-01,Contemporary-Review
cr-1879-jul-1-contemporary-books-essays-novels-poetry.txt,Contemporary-Books,Poetry-Fiction-Essays,1879,1879-07-01,Contemporary-Review
cr-1879-jul-1-contemporary-books-modern-history.txt,Contemporary-Books,Modern-History,1879,1879-07-01,Contemporary-Review
cr-1879-march-contemporary-literary-chronicles-essays-novels-poetry.txt,Contemporary-Literary-Chronicles,Poetry-Fiction-Essays,1879,1879-03-01,Contemporary-Review
cr-1879-march-contemporary-literary-chronicles-classical-literature.txt,Contemporary-Literary-Chronicles,Classical-Literature,1879,1879-03-01,Contemporary-Review
cr-1879-march-contemporary-literary-chronicles-history-and-of-the-east.txt,Contemporary-Literary-Chronicles,History-and-Geography-of-the-East,1879,1879-03-01,Contemporary-Review
cr-1879-may-contemporary-literature-essays-novels-poetry.txt,Contemporary-Literature,Poetry-Fiction-Essays,1879,1879-05-01,Contemporary-Review
cr-1879-oct-contemporary-books-classical-literature.txt,Contemporary-Books,Classical-Literature,1879,1879-10-01,Contemporary-Review
cr-1879-oct-contemporary-books-history-and-literature-of-the-east.txt,Contemporary-Books,History-and-Geography-of-the-East,1879,1879-10-01,Contemporary-Review
cr-1879-sept-contemporary-books-biblical-literature.txt,Contemporary-Books,Biblical-Literature,1879,1879-09-01,Contemporary-Review
cr-1879-sept-contemporary-books-essays-novels-poetry.txt,Contemporary-Books,Poetry-Fiction-Essays,1879,1879-09-01,Contemporary-Review
cr-1880-jan-contemporary-books-biblical-literature.txt,Contemporary-Books,Biblical-Literature,1880,1880,Contemporary-Review
cr-1880-jan-contemporary-books-classical-literature.txt,Contemporary-Books,Classical-Literature,1880,1880,Contemporary-Review
cr-1880-jul-contemporary-books-biblical-literature.txt,Contemporary-Books,Biblical-Literature,1880,1880,Contemporary-Review
cr-1880-jul-contemporary-books-classical-literature.txt,Contemporary-Books,Classical-Literature,1880,1880,Contemporary-Review
cr-1880-june-contemporary-books-classical-literature.txt,Contemporary-Books,Classical-Literature,1880,1880-06-01,Contemporary-Review
cr-1880-june-contemporary-books-history-and-travel.txt,Contemporary-Books,History-and-Travel,1880,1880-06-01,Contemporary-Review
cr-1880-june-contemporary-books-modern-history.txt,Contemporary-Books,Modern-History,1880,1880-06-01,Contemporary-Review
cr-1880-march-contemporary-books-biblical-literature.txt,Contemporary-Books,Biblical-Literature,1880,1880-03-01,Contemporary-Review
cr-1880-march-contemporary-books-modern-history.txt,Contemporary-Books,Modern-History,1880,1880-03-01,Contemporary-Review
cr-1880-march-contemporary-books-church-history.txt,Contemporary-Books,Church-History,1880,1880-03-01,Contemporary-Review
cr-1880-nov-contemporary-books-biblical-literature.txt,Contemporary-Books,Biblical-Literature,1880,1880-11-01,Contemporary-Review
cr-1880-nov-contemporary-books-classical-literature.txt,Contemporary-Books,Classical,1880,1880-11-01,Contemporary-Review
cr-1881-feb-some-recent-books.txt,Some-Recent-Books,n/a,1881,1881-02-01,Contemporary-Review
cr-1883-aug-contemporary-records-art.txt,Contemporary-Records,Art,1883,1883-08-01,Contemporary-Review
cr-1883-aug-contemporary-records-church-history.txt,Contemporary-Records,Church-History,1883,1883-08-01,Contemporary-Review
cr-1883-aug-new-books.txt,New-Books,n/a,1883,1883-08-01,Contemporary-Review
cr-1883-dec-contemporary-records-ancient-oriental-history.txt,Contemporary-Records,Ancient-Oriental-History,1883,1883-12-01,Contemporary-Review
cr-1883-dec-contemporary-records-greek-classics-and-archaelogy.txt,Contemporary-Records,Greek-Classics-and-Archaelogy,1883,1883-12-01,Contemporary-Review
cr-1883-dec-new-books.txt,New-Books,n/a,1883,1883-12-01,Contemporary-Review
cr-1883-jul-contemporary-records-fiction.txt,Contemporary-Records,Fiction,1883,1883-07-01,Contemporary-Review
cr-1883-jul-contemporary-records-oriental-history.txt,Contemporary-Records,Oriental-History,1883,1883-07-01,Contemporary-Review
cr-1883-jul-contemporary-records-physical-science.txt,Contemporary-Records,Physical-Science-and-Mathematics,1883,1883-07-01,Contemporary-Review
cr-1883-jul-contemporary-records-social-philosophy.txt,Contemporary-Records,Social-Philosophy,1883,1883-07-01,Contemporary-Review
cr-1883-jul-literary-notices.txt,Literary-Notices,n/a,1883,1883-07-01,Contemporary-Review
cr-1883-nov-contemporary-records.txt,Contemporary-Records,n/a,1883,1883-11-01,Contemporary-Review
cr-1883-nov-new-books.txt,New-Books,n/a,1883,1883-11-01,Contemporary-Review
cr-1883-oct-contemporary-books.txt,Contemporary-Books,n/a,1883,1883-10-01,Contemporary-Review
cr-1883-oct-new-books.txt,New-Books,n/a,1883,1883-10-01,Contemporary-Review
cr-1883-sept-contemporary-records-new-testament-criticism.txt,Contemporary-Records,New-Testament-Criticism,1883,1883-09-01,Contemporary-Review
cr-1883-sept-contemporary-records-physical-science.txt,Contemporary-Records,Physical-Science-and-Mathematics,1883,1883-09-01,Contemporary-Review
cr-1883-sept-contemporary-records-poetry.txt,Contemporary-Records,Poetry,1883,1883-09-01,Contemporary-Review
cr-1883-sept-new-books.txt,New-Books,n/a,1883,1883-09-01,Contemporary-Review
cr-1884-april-contemporary-records-ecclesiastical-history.txt,Contemporary-Records,Ecclesiastical-History,1884,1884-04-01,Contemporary-Review
cr-1884-april-contemporary-records-general-literature.txt,Contemporary-Records,General-Literature,1884,1884-04-01,Contemporary-Review
cr-1884-april-contemporary-records-physical-science.txt,Contemporary-Records,Physical-Science-and-Mathematics,1884,1884-04-01,Contemporary-Review
cr-1884-aug-contemporary-records-ecclesiastical-history.txt,Contemporary-Records,Ecclesiastical-History,1884,1884-08-01,Contemporary-Review
cr-1884-aug-contemporary-records-general-literature.txt,Contemporary-Records,General-Literature,1884,1884-08-01,Contemporary-Review
cr-1884-aug-contemporary-records-poetry.txt,Contemporary-Records,Poetry,1884,1884-08-01,Contemporary-Review
cr-1884-dec-contemporary-records-art.txt,Contemporary-Records,Art,1884,1884-12-01,Contemporary-Review
cr-1884-dec-contemporary-records-ecclesiastical-history.txt,Contemporary-Records,Ecclesiastical-History,1884,1884-12-01,Contemporary-Review
cr-1884-dec-contemporary-records-general-literature.txt,Contemporary-Records,General-Literature,1884,1884-12-01,Contemporary-Review
cr-1884-dec-contemporary-records-modern-history.txt,Contemporary-Records,Modern-History,1884,1884-12-01,Contemporary-Review
cr-1884-feb-contemporary-records-general-literature.txt,Contemporary-Records,General-Literature,1884,1884-02-01,Contemporary-Review
cr-1884-feb-contemporary-records-mental-philosophy.txt,Contemporary-Records,Mental-Philosophy,1884,1884-02-01,Contemporary-Review
cr-1884-feb-contemporary-records-modern-history.txt,Contemporary-Records,Modern-History,1884,1884-02-01,Contemporary-Review
cr-1884-feb-contemporary-records-social-philosophy.txt,Contemporary-Records,Social-Philosophy,1884,1884-02-01,Contemporary-Review
cr-1884-jan-contemporary-records-apologetic-theology.txt,Contemporary-Records,Apologetic-Theology,1884,1884-01-01,Contemporary-Review
cr-1884-jan-contemporary-records-fiction.txt,Contemporary-Records,Fiction,1884,1884-01-01,Contemporary-Review
cr-1884-jan-contemporary-records-general-literature.txt,Contemporary-Records,General-Literature,1884,1884-01-01,Contemporary-Review
cr-1884-jan-contemporary-records-physical-science.txt,Contemporary-Records,Physical-Science-and-Mathematics,1884,1884-01-01,Contemporary-Review
cr-1884-jan-contemporary-records-poetry.txt,Contemporary-Records,Poetry,1884,1884-01-01,Contemporary-Review
cr-1884-jan-new-books.txt,New-Books,n/a,1884,1884-01-01,Contemporary-Review
cr-1884-jul-contemporary-records-fiction.txt,Contemporary-Records,Fiction,1884,1884-07-01,Contemporary-Review
cr-1884-jul-contemporary-records-modern-history.txt,Contemporary-Records,Modern-History,1884,1884-07-01,Contemporary-Review
cr-1884-july-contemporary-records-general-literature.txt,Contemporary-Records,General-Literature,1884,1884-07-01,Contemporary-Review
cr-1884-june-contemporary-records-apologetic-theology.txt,Contemporary-Records,Apologetic-Theology,1884,1884-06-01,Contemporary-Review
cr-1884-june-contemporary-records-classical-philology.txt,Contemporary-Records,Classical-Philology,1884,1884-06-01,Contemporary-Review
cr-1884-june-contemporary-records-general-literature.txt,Contemporary-Records,General-Literature,1884,1884-06-01,Contemporary-Review
cr-1884-march-contemporary-records-fiction.txt,Contemporary-Records,Fiction,1884,1884-03-01,Contemporary-Review
cr-1884-march-contemporary-records-general-literature.txt,Contemporary-Records,General-Literature,1884,1884-03-01,Contemporary-Review
cr-1884-march-contemporary-records-new-testament-criticism.txt,Contemporary-Records,New-Testament-Criticism,1884,1884-03-01,Contemporary-Review
cr-1884-may-contemporary-records-general-literature.txt,Contemporary-Records,General-Literature,1884,1884-05-01,Contemporary-Review
cr-1884-may-contemporary-records-new-testament-criticism.txt,Contemporary-Records,New-Testament-Criticism,1884,1884-05-01,Contemporary-Review
cr-1884-may-contemporary-records-oriental-history.txt,Contemporary-Records,Oriental-History,1884,1884-05-01,Contemporary-Review
cr-1884-nov-contemporary-records-fiction.txt,Contemporary-Records,Fiction,1884,1884-11-01,Contemporary-Review
cr-1884-nov-contemporary-records-general-literature.txt,Contemporary-Records,General-Literature,1884,1884-11-01,Contemporary-Review
cr-1884-nov-contemporary-records-physics.txt,Contemporary-Records,Physics,1884,1884-11-01,Contemporary-Review
cr-1884-oct-contemporary-records-apologetic-theology.txt,Contemporary-Records,Apologetic-Theology,1884,1884-10-01,Contemporary-Review
cr-1884-oct-contemporary-records-general-literature.txt,Contemporary-Records,General-Literature,1884,1884-10-01,Contemporary-Review
cr-1884-oct-contemporary-records-oriental-history.txt,Contemporary-Records,Oriental-History,1884,1884-10-01,Contemporary-Review
cr-1884-sept-contemporary-records-general-literature.txt,Contemporary-Records,General-Literature,1884,1884-09-01,Contemporary-Review
cr-1884-sept-contemporary-records-mental-philosophy.txt,Contemporary-Records,Mental-Philosophy,1884,1884-09-01,Contemporary-Review
cr-1884-sept-contemporary-records-social-philosophy.txt,Contemporary-Records,Social-Philosophy,1884,1884-09-01,Contemporary-Review
cr-1885-april-contemporary-records-apologetic-theology.txt,Contemporary-Records,Apologetic-Theology,1885,1885-04-01,Contemporary-Review
cr-1885-april-contemporary-records-general-literature.txt,Contemporary-Records,General-Literature,1885,1885-04-01,Contemporary-Review
cr-1885-april-contemporary-records-modern-history.txt,Contemporary-Records,Modern-History,1885,1885-04-01,Contemporary-Review
cr-1885-aug-contemporary-records-art.txt,Contemporary-Records,Art,1885,1885-08-01,Contemporary-Review
cr-1885-aug-contemporary-records-general-literature.txt,Contemporary-Records,General-Literature,1885,1885-08-01,Contemporary-Review
cr-1885-aug-contemporary-records-poetry.txt,Contemporary-Records,Poetry,1885,1885-08-01,Contemporary-Review
cr-1885-dec-contemporary-records-ecclesiastical-history.txt,Contemporary-Records,Ecclesiastical-History,1885,1885-12-01,Contemporary-Review
cr-1885-dec-contemporary-records-general-literature.txt,Contemporary-Records,General-Literature,1885,1885-12-01,Contemporary-Review
cr-1885-feb-contemporary-records-general-literature.txt,Contemporary-Records,General-Literature,1885,1885-02-01,Contemporary-Review
cr-1885-feb-contemporary-records-mental-philosophy.txt,Contemporary-Records,Mental-Philosophy,1885,1885-02-01,Contemporary-Review
cr-1885-feb-contemporary-records-old-testament-literature.txt,Contemporary-Records,Old-Testament-Literature,1885,1885-02-01,Contemporary-Review
cr-1885-jan-contemporary-records-general-literature.txt,Contemporary-Records,General-Literature,1885,1885-01-01,Contemporary-Review
cr-1885-jan-contemporary-records-new-testament-exegesis.txt,Contemporary-Records,New-Testament-Exegesis,1885,1885-01-01,Contemporary-Review
cr-1885-jan-contemporary-records-poetry.txt,Contemporary-Records,Poetry,1885,1885-01-01,Contemporary-Review
cr-1885-july-contemporary-records-general-literature.txt,Contemporary-Records,General-Literature,1885,1885-07-01,Contemporary-Review
cr-1885-july-contemporary-records-oriental-history.txt,Contemporary-Records,Oriental-History,1885,1885-07-01,Contemporary-Review
cr-1885-june-contemporary-records-general-literature.txt,Contemporary-Records,General-Literature,1885,1885-06-01,Contemporary-Review
cr-1885-june-contemporary-records-new-testament-exegesis.txt,Contemporary-Records,New-Testament-Exegesis,1885,1885-06-01,Contemporary-Review
cr-1885-june-contemporary-records-social-philosophy.txt,Contemporary-Records,Social-Philosophy,1885,1885-06-01,Contemporary-Review
cr-1885-march-contemporary-records-biology.txt,Contemporary-Records,Biology,1885,1885-03-01,Contemporary-Review
cr-1885-march-contemporary-records-general-literature.txt,Contemporary-Records,General-Literature,1885,1885-03-01,Contemporary-Review
cr-1885-march-contemporary-records-history-of-religions.txt,Contemporary-Records,History-of-Religions,1885,1885-03-01,Contemporary-Review
cr-1885-may-contemporary-records-ecclesiastical-history.txt,Contemporary-Records,Ecclesiastical-History,1885,1885-05-01,Contemporary-Review
cr-1885-may-contemporary-records-general-literature.txt,Contemporary-Records,General-Literature,1885,1885-05-01,Contemporary-Review
cr-1885-nov-contemporary-records-fiction.txt,Contemporary-Records,Fiction,1885,1885-11-01,Contemporary-Review
cr-1885-nov-contemporary-records-general-literature.txt,Contemporary-Records,General-Literature,1885,1885-11-01,Contemporary-Review
cr-1885-oct-contemporary-records-general-literature.txt,Contemporary-Records,General-Literature,1885,1885-10-01,Contemporary-Review
cr-1885-oct-contemporary-records-modern-history.txt,Contemporary-Records,Modern-History,1885,1885-10-01,Contemporary-Review
cr-1885-oct-contemporary-records-physical-science.txt,Contemporary-Records,Physical-Science-and-Mathematics,1885,1885-10-01,Contemporary-Review
cr-1885-sept-contemporary-records-general-literature.txt,Contemporary-Records,General-Literature,1885,1885-09-01,Contemporary-Review
cr-1885-sept-contemporary-records-history-of-religions.txt,Contemporary-Records,History-of-Religions,1885,1885-09-01,Contemporary-Review
cr-1885-sept-contemporary-records-mental-philosophy.txt,Contemporary-Records,Mental-Philosophy,1885,1885-09-01,Contemporary-Review
fr-1865-aug-1-notices-of-new-books.txt,Notices-of-New-Books,Notices-of-New-Books,1865,1865-08-01,Fortnightly-Review
fr-1865-aug-15-notices-of-new-books.txt,Notices-of-New-Books,Notices-of-New-Books,1865,1865-08-15,Fortnightly-Review
fr-1865-dec-1-notices-of-new-books.txt,Notices-of-New-Books,Notices-of-New-Books,1865,1865-12-01,Fortnightly-Review
fr-1865-dec-15-notices-of-new-books.txt,Notices-of-New-Books,Notices-of-New-Books,1865,1865-12-15,Fortnightly-Review
fr-1865-july-1-notices-of-new-books.txt,Notices-of-New-Books,Notices-of-New-Books,1865,1865-07-01,Fortnightly-Review
fr-1865-july-15-notices-of-new-books.txt,Notices-of-New-Books,Notices-of-New-Books,1865,1865-07-15,Fortnightly-Review
fr-1865-june-notices-of-new-books.txt,Notices-of-New-Books,Notices-of-New-Books,1865,1865-06-01,Fortnightly-Review
fr-1865-may-15-notices-of-new-books.txt,Notices-of-New-Books,Notices-of-New-Books,1865,1865-05-15,Fortnightly-Review
fr-1865-nov-1-notices-of-new-books.txt,Notices-of-New-Books,Notices-of-New-Books,1865,1865-11-01,Fortnightly-Review
fr-1865-nov-15-notices-of-new-books.txt,Notices-of-New-Books,Notices-of-New-Books,1865,1865-11-15,Fortnightly-Review
fr-1865-oct-1-notices-of-new-books.txt,Notices-of-New-Books,Notices-of-New-Books,1865,1865-10-01,Fortnightly-Review
fr-1865-oct-15-notices-of-new-books.txt,Notices-of-New-Books,Notices-of-New-Books,1865,1865-10-15,Fortnightly-Review
fr-1865-sept-1-notices-of-new-books.txt,Notices-of-New-Books,Notices-of-New-Books,1865,1865-09-01,Fortnightly-Review
fr-1865-sept-15-notices-of-new-books.txt,Notices-of-New-Books,Notices-of-New-Books,1865,1865-09-15,Fortnightly-Review
fr-1866-april-1-critical-notices.txt,Critical-Notices,Critical-Notices,1866,1866-04-01,Fortnightly-Review
fr-1866-april-15-critical-notices.txt,Critical-Notices,Critical-Notices,1866,1866-04-15,Fortnightly-Review
fr-1866-aug-1-critical-notices.txt,Critical-Notices,Critical-Notices,1866,1866-08-01,Fortnightly-Review
fr-1866-aug-15-critical-notices.txt,Critical-Notices,Critical-Notices,1866,1866-08-15,Fortnightly-Review
fr-1866-feb-1-critical-notices.txt,Critical-Notices,Critical-Notices,1866,1866-02-01,Fortnightly-Review
fr-1866-feb-15-critical-notices.txt,Critical-Notices,Critical-Notices,1866,1866-02-15,Fortnightly-Review
fr-1866-jan-1-critical-notices.txt,Critical-Notices,Critical-Notices,1866,1866-01-01,Fortnightly-Review
fr-1866-jan-15-critical-notices.txt,Critical-Notices,Critical-Notices,1866,1866-01-15,Fortnightly-Review
fr-1866-july-1-critical-notices.txt,Critical-Notices,Critical-Notices,1866,1866-07-01,Fortnightly-Review
fr-1866-july-15-critical-notices.txt,Critical-Notices,Critical-Notices,1866,1866-07-15,Fortnightly-Review
fr-1866-june-1-critical-notices.txt,Critical-Notices,Critical-Notices,1866,1866-06-01,Fortnightly-Review
fr-1866-june-15-critical-notices.txt,Critical-Notices,Critical-Notices,1866,1866-06-15,Fortnightly-Review
fr-1866-march-1-critical-notices.txt,Critical-Notices,Critical-Notices,1866,1866-03-01,Fortnightly-Review
fr-1866-march-15-critical-notices.txt,Critical-Notices,Critical-Notices,1866,1866-03-15,Fortnightly-Review
fr-1866-may-1-critical-notices.txt,Critical-Notices,Critical-Notices,1866,1866-05-01,Fortnightly-Review
fr-1866-may-15-critical-notices.txt,Critical-Notices,Critical-Notices,1866,1866-05-15,Fortnightly-Review
fr-1866-nov-critical-notices.txt,Critical-Notices,Critical-Notices,1866,1866-11-01,Fortnightly-Review
fr-1866-oct-1-critical-notices.txt,Critical-Notices,Critical-Notices,1866,1866-10-01,Fortnightly-Review
fr-1866-oct-15-critical-notices.txt,Critical-Notices,Critical-Notices,1866,1866-10-15,Fortnightly-Review
fr-1866-sept-1-critical-notices.txt,Critical-Notices,Critical-Notices,1866,1866-09-01,Fortnightly-Review
fr-1866-sept-15-critical-notices.txt,Critical-Notices,Critical-Notices,1866,1866-09-15,Fortnightly-Review
fr-1867-april-critical-notices.txt,Critical-Notices,Critical-Notices,1867,1867-04-01,Fortnightly-Review
fr-1867-aug-critical-notices.txt,Critical-Notices,Critical-Notices,1867,1867-08-01,Fortnightly-Review
fr-1867-dec-critical-notices.txt,Critical-Notices,Critical-Notices,1867,1867-12-01,Fortnightly-Review
fr-1867-feb-critical-notices.txt,Critical-Notices,Critical-Notices,1867,1867-02-01,Fortnightly-Review
fr-1867-july-critical-notices.txt,Critical-Notices,Critical-Notices,1867,1867-07-01,Fortnightly-Review
fr-1867-june-critical-notices.txt,Critical-Notices,Critical-Notices,1867,1867-06-01,Fortnightly-Review
fr-1867-march-critical-notices.txt,Critical-Notices,Critical-Notices,1867,1867-03-01,Fortnightly-Review
fr-1867-may-critical-notices.txt,Critical-Notices,Critical-Notices,1867,1867-05-01,Fortnightly-Review
fr-1867-nov-critical-notices.txt,Critical-Notices,Critical-Notices,1867,1867-11-01,Fortnightly-Review
fr-1867-sept-critical-notices.txt,Critical-Notices,Critical-Notices,1867,1867-09-01,Fortnightly-Review
fr-1868-april-critical-notices.txt,Critical-Notices,Critical-Notices,1868,1868-04-01,Fortnightly-Review
fr-1868-aug-critical-notices.txt,Critical-Notices,Critical-Notices,1868,1868-08-01,Fortnightly-Review
fr-1868-dec-critical-notices.txt,Critical-Notices,Critical-Notices,1868,1868-12-01,Fortnightly-Review
fr-1868-feb-critical-notices.txt,Critical-Notices,Critical-Notices,1868,1868-02-01,Fortnightly-Review
fr-1868-jan-critical-notices.txt,Critical-Notices,Critical-Notices,1868,1868-01-01,Fortnightly-Review
fr-1868-july-critical-notices.txt,Critical-Notices,Critical-Notices,1868,1868-07-01,Fortnightly-Review
fr-1868-june-critical-notices.txt,Critical-Notices,Critical-Notices,1868,1868-06-01,Fortnightly-Review
fr-1868-march-critical-notices.txt,Critical-Notices,Critical-Notices,1868,1868-03-01,Fortnightly-Review
fr-1868-may-critical-notices.txt,Critical-Notices,Critical-Notices,1868,1868-05-01,Fortnightly-Review
fr-1868-nov-critical-notices.txt,Critical-Notices,Critical-Notices,1868,1868-11-01,Fortnightly-Review
fr-1868-oct-critical-notices.txt,Critical-Notices,Critical-Notices,1868,1868-10-01,Fortnightly-Review
fr-1869-april-critical-notices-some-books-of-the-month.txt,Critical-Notices,Some-Books-of-the-Month,1869,1869-04-01,Fortnightly-Review
fr-1869-april-critical-notices.txt,Critical-Notices,Critical-Notices,1869,1869-04-01,Fortnightly-Review
fr-1869-aug-critical-notices-some-books-of-the-month.txt,Critical-Notices,Some-Books-of-the-Month,1869,1869-08-01,Fortnightly-Review
fr-1869-aug-critical-notices.txt,Critical-Notices,Critical-Notices,1869,1869-08-01,Fortnightly-Review
fr-1869-feb-critical-notices-some-books-of-the-month.txt,Critical-Notices,Some-Books-of-the-Month,1869,1869-02-01,Fortnightly-Review
fr-1869-jan-critical-notices.txt,Critical-Notices,Critical-Notices,1869,1869-01-01,Fortnightly-Review
fr-1869-july-critical-notices-some-books-of-the-month.txt,Critical-Notices,Some-Books-of-the-Month,1869,1869-07-01,Fortnightly-Review
fr-1869-july-critical-notices.txt,Critical-Notices,Critical-Notices,1869,1869-07-01,Fortnightly-Review
fr-1869-june-critical-notices-some-books-of-the-month.txt,Critical-Notices,Some-Books-of-the-Month,1869,1869-06-01,Fortnightly-Review
fr-1869-june-critical-notices.txt,Critical-Notices,Critical-Notices,1869,1869-06-01,Fortnightly-Review
fr-1869-march-critical-notices.txt,Critical-Notices,Critical-Notices,1869,1869-03-01,Fortnightly-Review
fr-1869-may-critical-notices-some-books-of-the-month.txt,Critical-Notices,Some-Books-of-the-Month,1869,1869-05-01,Fortnightly-Review
fr-1869-may-critical-notices.txt,Critical-Notices,Critical-Notices,1869,1869-05-01,Fortnightly-Review
fr-1869-oct-critical-notices.txt,Critical-Notices,Critical-Notices,1869,1869-10-01,Fortnightly-Review
fr-1869-sept-critical-notices.txt,Critical-Notices,Critical-Notices,1869,1869-09-01,Fortnightly-Review
fr-1870-jan-critical-notices.txt,Critical-Notices,Critical-Notices,1870,1870-01-01,Fortnightly-Review
fr-1870-july-critical-notices.txt,Critical-Notices,Critical-Notices,1870,1870-07-01,Fortnightly-Review
fr-1870-oct-critical-notices.txt,Critical-Notices,Critical-Notices,1870,1870-10-01,Fortnightly-Review
fr-1871-feb-some-books-of-the-month.txt,Some-Books-of-the-Month,Some-Books-of-the-Month,1871,1871-02-01,Fortnightly-Review
fr-1871-jan-some-books-of-the-month.txt,Some-Books-of-the-Month,Some-Books-of-the-Month,1871,1871-01-01,Fortnightly-Review
fr-1871-march-critical-notices.txt,Critical-Notices,Critical-Notices,1871,1871-03-01,Fortnightly-Review
fr-1871-march-some-books-of-the-month.txt,Some-Books-of-the-Month,Some-Books-of-the-Month,1871,1871-03-01,Fortnightly-Review
fr-1871-may-critical-notices.txt,Critical-Notices,Critical-Notices,1871,1871-05-01,Fortnightly-Review
fr-1872-april-some-books-of-the-month.txt,Some-Books-of-the-Month,Some-Books-of-the-Month,1872,1872-04-01,Fortnightly-Review
fr-1872-aug-critical-notices.txt,Critical-Notices,Critical-Notices,1872,1872-08-01,Fortnightly-Review
fr-1872-dec-critical-notices.txt,Critical-Notices,Critical-Notices,1872,1872-12-01,Fortnightly-Review
fr-1872-july-critical-notices.txt,Critical-Notices,Critical-Notices,1872,1872-07-01,Fortnightly-Review
fr-1872-june-critical-notices.txt,Critical-Notices,Critical-Notices,1872,1872-06-01,Fortnightly-Review
fr-1872-may-some-critical-notices.txt,Some-Critical-Notices,Some-Critical-Notices,1872,1872-05-01,Fortnightly-Review
fr-1872-nov-critical-notices.txt,Critical-Notices,Critical-Notices,1872,1872-11-01,Fortnightly-Review
fr-1872-sept-critical-notices.txt,Critical-Notices,Critical-Notices,1872,1872-09-01,Fortnightly-Review
fr-1873-april-critical-notices.txt,Critical-Notices,Critical-Notices,1873,1873-04-01,Fortnightly-Review
fr-1873-aug-critical-notices.txt,Critical-Notices,Critical-Notices,1873,1873-08-01,Fortnightly-Review
fr-1873-feb-critical-notices.txt,Critical-Notices,Critical-Notices,1873,1873-02-01,Fortnightly-Review
fr-1873-jan-critical-notices.txt,Critical-Notices,Critical-Notices,1873,1873-01-01,Fortnightly-Review
fr-1873-july-critical-notices.txt,Critical-Notices,Critical-Notices,1873,1873-07-01,Fortnightly-Review
fr-1873-june-critical-notices.txt,Critical-Notices,Critical-Notices,1873,1873-06-01,Fortnightly-Review
fr-1873-march-critical-notices.txt,Critical-Notices,Critical-Notices,1873,1873-03-01,Fortnightly-Review
fr-1873-may-critical-notices.txt,Critical-Notices,Critical-Notices,1873,1873-05-01,Fortnightly-Review
fr-1873-sept-critical-notices.txt,Critical-Notices,Critical-Notices,1873,1873-09-01,Fortnightly-Review
fr-1874-jan-new-books.txt,Critical-Notices,Critical-Notices,1874,1874-01-01,Fortnightly-Review
fr-1875-sept-critical-notices.txt,Critical-Notices,Critical-Notices,1875,1875-09-01,Fortnightly-Review